id,label
488,маскулинность
487,концепт
486,культурный
485,мужественность
484,становление
483,идентичность
482,двусмысленный
481,класс
480,мельница
479,зерно
478,чудо
477,буддизм
476,введение
475,вариант
474,i
473,ступень
472,трансерфинг
471,новелла
470,психотерапевтический
469,лечение
468,последний
467,конец
466,все
465,м
464,думать
463,прогноз
462,рассуждение
461,духовный
460,мистика
459,мыслитель
458,индийский
457,мировоззрение
456,проповедь
455,критический
454,трепет
453,миф
452,аспект
451,неповиновение
450,фрейд
449,маркс
448,сталкиваться
447,я
446,порабощать
445,сторона
444,женщина
443,надежда
442,дзен-буддизм
441,забытый
440,деструктивность
439,анатомия
438,быть
437,иметь
436,креативность
435,работать
434,воображать
433,решение
432,принимать
431,поздно
430,уже
429,именно
428,подходить
427,дело
426,начинать
425,душа
424,животное
423,общественный
422,христос
421,догмат
420,здоровый
419,холодильник
418,сажать
417,еда
416,альцгеймер
415,матка
414,это
413,—
412,долголетие
411,упражнение
410,китайский
409,контракт
408,япония
407,диагноз
406,лихорадка
405,здоровье
404,ради
403,голодание
402,диета
401,фашистский
400,генриетта
399,бессмертный
398,зануда
397,жуткий
396,понимать
395,она
394,трактат
393,терапевт
392,семейный
391,размышление
390,полночный
389,предел
388,за
387,словесность
386,изящный
385,урок
384,речь
383,родной
382,влияние
381,обратно
380,путешествие
379,необыкновенный
378,раб
377,превращать
376,идея
375,мастер
374,графена
373,до
372,камень
371,философский
370,химик
369,создавать
368,ошибка
367,роковой
366,сталин
365,нападать
364,гитлер
363,заставлять
362,виртуальный
361,реальный
360,восходящий
359,страна
358,секрет
357,словарь-справочник
356,лингвострановедческий
355,японец
354,общение
353,мимика
352,жест
351,п
350,безумие
349,китай
348,про
347,десять
346,правда
345,запретный
344,иго
343,тысячелетний
342,нерусский
341,россия»
340,«особый
339,иго»
338,«проклятие
337,батыев
336,несостоявшийся
335,неандерталец
334,судьба
333,сталь
332,микроб
331,ружье
330,государство
329,экономика
328,бизнес
327,коллективный
326,поодиночке
325,вместе
324,мудрость
323,память
322,большой
321,книжка
320,маленький
319,здесь
318,оставаться
317,тот
316,америка
315,россия
314,гг
313,1941-1942
312,ленинград
311,представление
310,этика
309,блокадный
308,мораль
307,генеалогия
306,расизм
305,французский
304,кровь
303,цвет
302,потребление
301,общество
300,сюжет
299,конфликт
298,построение
297,сценарист
296,иллюзия
295,бог
294,джеймс
293,ветвь
292,золотой
291,религия
290,свобода
289,бегство
288,поверженный
287,связь
286,случайный
285,лабиринт
284,одиссея
283,генетический
282,злодей
281,превращаться
280,хороший
279,люцифер
278,эффект
277,искаженный
276,корень
275,ветка
274,дуб
273,сакура
272,непонятный
271,этот
270,путеводитель
269,молчать
268,чем
267,кореец
266,восток
265,лицо
264,два
263,северный
262,повседневный
261,отношение
260,гендерный
259,зеркало
258,повседневность
257,фамилия
256,география
255,минданао
254,остров
253,придумывать
252,ляо
251,дядюшка
250,котелок
249,корея
248,этнография
247,9
246,настоящее
245,прошлое
244,корееведение
243,российский
242,русь
241,монгол
240,глаз
239,выступление
238,публичный
237,мастерство
236,слово
235,хозяин
234,общий
233,дэвис
232,филипп
231,власть
230,личный
229,история
228,этнический
227,славянин
226,восточный
225,влиять
224,мышление
223,убеждение
222,волк
221,среди
220,свой
219,зверь
218,другой
217,биология
216,вести
215,кто
214,стоять
213,концлагерь
212,психолог
211,"да!"
210,сказать
209,бестселлер
208,ген
207,эгоистичный
206,окончательный
205,размерность
204,скрывать
203,суперструна
202,элегантный
201,зрение
200,точка
199,с
198,что
197,нарциссизм
196,выживать
195,паутина
194,адский
193,параллельный
192,физика
191,многий
190,арман
189,мутант
188,случай
187,классический
186,смерть
185,без
184,солнце
183,в
182,вглядываться
181,кушетка
180,на
179,лжец
178,исцеление
177,хроника
176,лекарство
175,шопенгауэр
174,вынос
173,аборт
172,криминальный
171,сознание
170,загадка
169,разум
168,рождение
167,исследование
166,40
165,судмедэксперт
164,рассказ
163,изменять
162,молекула
161,семнадцать
160,наполеон
159,пуговица
158,а
157,поведение
156,любовный
155,уловка
154,хитрость
153,страх
152,сексуальный
151,мужской
150,год
149,1780
148,после
147,национализм
146,нация
145,медик
144,для
143,мерфи
142,реальность
141,новый
140,голографический
139,функция
138,менять
137,способный
136,мысль
135,то
134,факт
133,потрясать
132,пластичность
131,антропология
130,структурный
129,человечество
128,развитие
127,закон
126,рост
125,парадокс
124,жизнь
123,себя
122,испортить
121,чтобы
120,разумный
119,который
118,ловушка
117,ментальный
116,глупость
115,делать
114,умный
113,мозг
112,пробуждение
111,этнос
110,раса
109,среда
108,наследственность
107,индивидуальность
106,человеческий
105,ныть!
104,управленец
103,письмо
102,будущее
101,из
100,весть
99,подчиняться
98,командовать
97,психотерапия
96,или
95,ран
94,душевный
93,бинтование
92,толпа
91,человек
90,мужчина
89,знать
88,не
87,ничто
86,вы
85,миграция
84,древний
83,"я"
82,собственный
81,поиск
80,ребенок
79,одаренный
78,драма
77,борьба
76,великий
75,психоанализ
74,стая
73,теория
72,разный
71,такой
70,язык
69,жизненный
68,стареть
67,мы
66,почему
65,парадоксальность
64,квантовый
63,революция
62,биотехнологический
61,к
60,днк
59,структура
58,от
57,клетка
56,живой
55,королева
54,тело
53,код
52,тайный
51,эндокринология
50,популярный
49,мир
48,править
47,гормон
46,планета
45,наш
44,заселяться
43,как
42,век
41,каменный
40,колумб
39,инфекция
38,скрытый
37,тайна
36,вирус
35,многоликий
34,масса
33,народ
32,психология
31,обед
30,гадость
29,радость
28,запоминание
27,искусство
26,наука
25,луна
24,по
23,гулять
22,эйнштейн
21,народ"
20,"тюрьма
19,грязь
18,рабство
17,долготерпение
16,путь
15,особый
14,воровство
13,русский
12,гештальт
11,любовь
10,сексуальность
9,
8,время
7,и
6,пространство
5,о
4,книга
3,три
2,хокинг
1,стивен
0,вселенная
